LightGBMClassifier(b1759c5d030ac4ad5e9c9d02dc6e6851),NuralNetClassifier(4a02424325deb2217315ba47aec9f02d),RGFClassifier(1b94dd02b592fd853c50cc5031846802),ExtraTreesClassifier(6653206da804c138e0348e61712fbd18),RandomForestClassifier(0d36563123af8761ca6ec7ef2527dae9),LogisticRegression(81205c7ce49ef3d79e25ecf831b1a6ca),KNeighborsClassifier(f6951d8b5e8e63e97d77bccf18cc41bc)
0.9323020868709204,0.8189190030097961,0.9259017148580229,0.7585303688441786,0.6729362479599816,0.7673363944925743,0.8
0.1826309866623788,0.09016662836074829,0.289274067224353,0.0982691413059806,0.1540476074931826,0.1408011912507745,0.2
0.15706194361845385,0.16239970922470093,0.1029152043186009,0.14344254257226122,0.27526769222333763,0.10387889056204842,0.2
0.390358674275112,0.1452879011631012,0.19096701067221655,0.17881778753089766,0.19525121024627515,0.10341193538934931,0.4
0.07009817204410958,0.10205036401748657,0.1189309004475867,0.09379367790303325,0.10689916487118177,0.09042673800503971,0.2
0.4024958088088002,0.3850717544555664,0.20855024519027765,0.36039274132875526,0.40831971362323183,0.3739376883838772,0.4
0.031072481389110916,0.10672515630722046,0.06402449270802324,0.08484619751174252,0.056569530312953115,0.08918341029924239,0.0
0.7969543640666308,0.7697242498397827,0.7201553107305554,0.7693455122187659,0.6831956404305198,0.7700802081565663,0.8
0.05889970190528072,0.06154036521911621,0.043993446016758475,0.10088697603917225,0.12213955485368197,0.2214046275022834,0.2
0.24449131145434605,0.11696064472198486,0.1828870628258078,0.10674990173265853,0.13362176514259924,0.08323929379848975,0.2
0.6067646182205425,0.8550417423248291,0.7094103835005172,0.9274090322311228,0.8234505224633448,0.6534042130828249,0.8
0.24846187417477122,0.4830906093120575,0.29107999622541236,0.345907019555601,0.3957415510744729,0.5416578023294534,0.4
0.72206910741812,0.4979708194732666,0.7331112580220775,0.4809006782862692,0.5400829085272456,0.36324186831240796,0.4
0.6973255906314662,0.5997902154922485,0.7560619651875307,0.5766798964361786,0.5805556215774625,0.6855396832511483,0.4
0.7969543640666308,0.7697242498397827,0.7201553107305554,0.7693455122187659,0.6831956404305198,0.7700802081565663,0.8
0.08184743066718336,0.11914849281311035,0.11634377657315886,0.0825022802482385,0.09963383732168746,0.16369518483046727,0.2
0.2437613111114643,0.21677568554878235,0.2478485734538567,0.30672120493896876,0.32991804210725256,0.3022494540228687,0.2
0.10157453196434812,0.07996812462806702,0.051466343642046164,0.0822361652302182,0.11018020200094965,0.1293784033844039,0.0
0.6840562681355056,0.39848005771636963,0.5599963294210382,0.41645325599041755,0.5968801922647972,0.5845187588535401,0.6
0.6350637186761687,0.1373257040977478,0.7005299232556731,0.3246969993762158,0.3496490804356926,0.2416152733262106,0.4
0.10306714930362887,0.10086795687675476,0.09331720187531856,0.06648298190898826,0.10355894068907502,0.05536773215259629,0.0
0.029546679851233923,0.09898313879966736,0.04579936203551216,0.07817506756379396,0.06057893415021567,0.09525519479410115,0.0
0.6368000187474198,0.6489297151565552,0.597047108880925,0.6651764067048549,0.6575973343408864,0.672585074037807,0.6
0.06966684035331751,0.10090911388397217,0.10303971400925127,0.1309050654943089,0.1530842756772326,0.07474102632926202,0.2
0.784018758581989,0.6629374027252197,0.7897964156249802,0.5369272148511025,0.6178455526754554,0.6080312370081377,0.4
0.029776675241245023,0.09960415959358215,0.060387700088358476,0.0804580594448168,0.06057893415021567,0.09370344158539344,0.0
0.08585584457502941,0.18020451068878174,0.08769827854572987,0.1626987106411574,0.23888134442020514,0.1212677329738117,0.4
0.6836881333657894,0.6897501945495605,0.7804581938451598,0.5609262863830153,0.6289482285207234,0.6226726968530345,0.4
0.23335669556690086,0.12794673442840576,0.2510696307943777,0.14051428127635812,0.17959805865967063,0.07550635546725223,0.4
0.6738665311625295,0.6925607919692993,0.6985909804210967,0.6584341127852613,0.6047769549375981,0.7110344322654898,0.6
0.06865426857508325,0.11533886194229126,0.06733821665442352,0.06865999828460521,0.08430652223086961,0.05564455127297687,0.0
0.08220368664457955,0.11078190803527832,0.07578832316936679,0.10206756804862246,0.10306368519798106,0.08604975957968575,0.2
0.30428741435274076,0.24296343326568604,0.2680266088650358,0.49172966075224145,0.5272656575666809,0.8022662158856002,0.8
0.04055417983029992,0.042005300521850586,0.0818204760962491,0.12508670847108053,0.1428372892186385,0.10257451596510721,0.0
0.7482503120390713,0.6303366422653198,0.8485939753394758,0.6341515117571881,0.6587778940771434,0.5859281170514776,0.8
0.07829082574363536,0.09359106421470642,0.16227571470376767,0.10540764513756906,0.10677531043541778,0.13716092273647276,0.2
0.044011922587713824,0.09763175249099731,0.09579190023919215,0.08168197558067346,0.06370546627873817,0.09345513967273424,0.0
0.35650299904328275,0.189493328332901,0.22233854221742,0.1605134971618263,0.2526098391452943,0.119287770791758,0.4
0.8776769370899278,0.6404237747192383,0.8340092459144313,0.5926814889915577,0.5441995762061089,0.2315532401320824,1.0
0.09796368735542545,0.2562922239303589,0.12775446294507764,0.3212632139391713,0.3071606949522823,0.37664073847113083,0.2
0.9685320509852029,0.9278652667999268,0.9502401496139056,0.9802956346968444,0.835026970622369,0.9379551917661478,1.0
0.044011922587713824,0.09763175249099731,0.09579190023919215,0.08168197558067346,0.06370546627873817,0.09345513967273424,0.0
0.9143411659668801,0.9447264671325684,0.9221322373202258,0.8949063724394274,0.8623491221384886,0.9209283348916127,1.0
0.8426944308708794,0.4372793138027191,0.8399506049735255,0.5220464749756469,0.6902227628434278,0.7546786478883881,0.6
0.19151820377022968,0.12225842475891113,0.134981612321731,0.11967097312990514,0.13137454777272162,0.08051253415512748,0.0
0.28515986582267444,0.0552995502948761,0.2027293934544646,0.21560535254803248,0.3372787397616913,0.22006054976836575,0.2
0.045191577182293705,0.09807687997817993,0.03870998019782157,0.0848337169611548,0.10211801710092455,0.056493047312083204,0.0
0.06064273967545793,0.10489091277122498,0.1189309004475867,0.0879144501347058,0.08023826887494746,0.0889459103833788,0.0
0.6641984511762175,0.8504752516746521,0.7547586867273497,0.8961568013531934,0.7479261875352848,0.7815756800425635,0.8
0.07480863245353482,0.10136020183563232,0.10470247843408609,0.09076578434212483,0.08846466181879521,0.08305991262922925,0.0
0.04158915970397431,0.09572643041610718,0.022050716837100692,0.04465346819146508,0.11536325071825076,0.05839229732370895,0.0
0.043595404884440726,0.13040223717689514,0.12366465767115864,0.12669382720291947,0.14013559406430887,0.07445138454424621,0.0
0.8865946333033178,0.8028765916824341,0.8587287018661187,0.9101937022394772,0.7875560117300648,0.6365321402620661,1.0
0.5115793229880037,0.45056772232055664,0.42803896433226196,0.4337441622166535,0.4333287376833834,0.6084077740824427,0.4
0.29586151449135367,0.45759281516075134,0.43554294310678154,0.4327413844388758,0.53848774725484,0.6276058218816991,0.6
0.19300954082563254,0.12636157870292664,0.1347846868387902,0.26539321534397187,0.22092807597255115,0.17611607028611093,0.2
0.029165614972609992,0.09473344683647156,0.029668226189651592,0.08527900914509232,0.10764753402363032,0.05829713118455169,0.0
0.9892021251666823,0.9489650130271912,0.9808277925558812,0.9792029598278538,0.8879446922918864,0.9622994574475703,1.0
0.9845106296855324,0.8313359022140503,0.9735338954076895,0.9643197026356952,0.8589069977769811,0.7953690412936151,1.0
0.8508353068732393,0.8328750729560852,0.8689388674959976,0.9309053321114021,0.8062564994307194,0.7632719121385954,1.0
0.0828829707334773,0.07829707860946655,0.045528164552288475,0.08138639475763872,0.08205027231227259,0.1290490283195043,0.2
0.1748435114666462,0.12743490934371948,0.1162442954767845,0.11402388010893562,0.12819385821356313,0.14551867836649307,0.2
0.9543988127399305,0.968002438545227,0.954019687838531,0.9666751567831869,0.882723279479866,0.9098812515436006,1.0
0.29401062837737996,0.1261058747768402,0.30399540841995387,0.1509026438538575,0.2398789368515017,0.07530226697183993,0.4
0.25490922371793345,0.12143665552139282,0.37430133449176317,0.08650082381291728,0.17539746217893074,0.1377188148006507,0.0
0.9787232737315573,0.9481141567230225,0.9549954852299269,0.908289827062888,0.89472861057007,0.9292248693164127,1.0
0.93034018989878,0.721328616142273,0.8364623265549466,0.7827145071429971,0.6061065559469919,0.30060236425966197,1.0
0.7107941926112985,0.7706609964370728,0.6775214193303678,0.7561241307842839,0.6659367432348692,0.7705981005287583,0.8
0.0828829707334773,0.07829707860946655,0.045528164552288475,0.08138639475763872,0.08205027231227259,0.1290490283195043,0.2
0.10157453196434812,0.07996812462806702,0.051466343642046164,0.0822361652302182,0.11018020200094965,0.1293784033844039,0.0
0.7685989078507464,0.8187189698219299,0.7372484235770872,0.6399929770789381,0.6552751338591207,0.8254779931871394,0.6
0.06064273967545793,0.10489091277122498,0.1189309004475867,0.0879144501347058,0.08023826887494746,0.0889459103833788,0.0
0.03249048155917983,0.036244362592697144,0.02471210258455947,0.07314722774563383,0.1011240572341795,0.05089052142894672,0.0
0.48092578123345303,0.3378418982028961,0.5246055780849537,0.5297199818283845,0.5344801150096323,0.31580684389902414,0.6
0.05889970190528072,0.06154036521911621,0.043993446016758475,0.10088697603917225,0.12213955485368197,0.2214046275022834,0.2
0.08305466111861001,0.03355249762535095,0.04939726889825613,0.1576007037754291,0.22480249149200426,0.181954450307001,0.2
0.5921902180943194,0.6993311047554016,0.7132683691978299,0.6136842073748072,0.6103440926948436,0.6756338672500395,0.6
0.7969543640666308,0.7697242498397827,0.7201553107305554,0.7693455122187659,0.6831956404305198,0.7700802081565663,0.8
0.07701116923139224,0.12091094255447388,0.041460126634306094,0.0859586377184557,0.08044683527763748,0.060606800438341636,0.2
0.07253741963556559,0.04548981785774231,0.11942872742629518,0.09327862766299973,0.12348802176308299,0.08996246479578619,0.0
0.07047619431476208,0.12639692425727844,0.05727307184548436,0.08069094651135675,0.10315928196025795,0.05123174221036042,0.0
0.0828829707334773,0.07829707860946655,0.045528164552288475,0.08138639475763872,0.08205027231227259,0.1290490283195043,0.2
0.059508760339308416,0.043544262647628784,0.20587390315903786,0.17546723424956592,0.24029474441454587,0.07802336411733933,0.2
0.10058795902630852,0.14194133877754211,0.07440579406787273,0.14447306818582104,0.1061916775125115,0.08256790895923803,0.0
0.35401773480785387,0.39205318689346313,0.14332103882294933,0.39205900419308976,0.30584983440512703,0.37598283884242195,0.6
0.1297134095652981,0.13354277610778809,0.2378340414022112,0.09656316921912919,0.1554061337030319,0.16692646906356087,0.2
0.26865549766717844,0.0978911817073822,0.1227708001402219,0.19603529441017398,0.2077311042645037,0.06737539634256975,0.4
0.4981120795377881,0.4586065113544464,0.43727235388808494,0.44329327349963576,0.4653618337716449,0.6423849381238179,0.4
0.2066303415114576,0.2642773687839508,0.2380179695844099,0.1708900134202315,0.2768963080486696,0.4092966477553712,0.4
0.14687266745990177,0.3476233184337616,0.2076592539473896,0.3313863268610838,0.3639167105192346,0.3127679351440342,0.2
0.9710616128921952,0.978948712348938,0.9707999698220031,0.9731471342872162,0.9196370309603922,0.9289182940295778,1.0
0.1283105811374168,0.3270341753959656,0.10678938251341319,0.1470181699105847,0.22168157296291444,0.0968051344379433,0.2
0.17139495515656675,0.24763748049736023,0.2548008003378007,0.288719022759182,0.30691835047040456,0.3100472079825304,0.2
0.7839204677964239,0.8244891166687012,0.6544069208540949,0.653068034811392,0.6740657023471912,0.7698489189540266,0.6
0.6806095413739074,0.6931480169296265,0.7114242027456503,0.6554368924663042,0.6185962217929533,0.4286663486394705,1.0
0.40071679225870566,0.31698739528656006,0.35546661638267396,0.47323872652041005,0.49968592884006346,0.6321607385751642,0.4
0.14621522096262332,0.10000011324882507,0.13099783730915215,0.09149225909154973,0.11347273830754642,0.08810715983683494,0.0
0.1461256784563656,0.1157582700252533,0.13514648284062358,0.11333065571236524,0.1248331943104115,0.07386938356273218,0.2
0.020523010582968976,0.10556840896606445,0.04383149227888461,0.07560976528224243,0.04857411480791105,0.08183309858123854,0.0
0.821935253914017,0.7590606212615967,0.731644883606513,0.7360932316968477,0.7306840977040222,0.7442802903864194,0.6
0.6518845524152799,0.6398786306381226,0.5388316167656093,0.5122457776371236,0.5654771833389534,0.7121901726301478,0.4
0.11442871722673507,0.1078038215637207,0.13146637335701594,0.10073589252317218,0.11004308361484738,0.08040387495140754,0.0
0.4804966941956017,0.8061339855194092,0.6558863373007335,0.6923778542170801,0.6574829475996529,0.6827176013553105,0.6
0.35048506952659503,0.596052885055542,0.5274329184357351,0.41782483232863127,0.4264131008307404,0.5612273961703943,0.6
0.8348247930959656,0.9837435483932495,0.933468841656584,0.9383402861341932,0.7981200397913014,0.9332052421814746,0.8
0.10875991412333108,0.07504796981811523,0.0930347548084165,0.08609214923196924,0.1286535035418869,0.033040003430420885,0.0
0.02377498396805623,0.10337403416633606,0.04383149227888461,0.07111875681137618,0.04973400276309312,0.0832854265696558,0.0
0.3204283839145029,0.1471712291240692,0.2275508238916416,0.1901647930526622,0.26356711946711564,0.06313427557532784,0.4
0.1288879951102189,0.19873052835464478,0.11360618379953047,0.182558998425283,0.23190984267575787,0.4538970427453556,0.0
0.03485066251908751,0.08677917718887329,0.05637307130637492,0.0932515529664627,0.11581497777755655,0.09048330303671162,0.0
0.3207632751844915,0.5996573567390442,0.3990284159569123,0.3732560064177,0.38425353831817277,0.5780187722310621,0.6
0.1636562766889558,0.0634407103061676,0.1408047277871437,0.06427104018925865,0.12782187121944555,0.21560192774119943,0.0
0.026748724616987695,0.09042772650718689,0.08774948872004051,0.08140682610171497,0.10143066411217785,0.09409342273020393,0.2
0.6406595624712832,0.7850509881973267,0.6503720193805299,0.6447853083542444,0.5841631062317236,0.7777573980408733,0.8
0.9838947753662597,0.8408946394920349,0.9698513042023994,0.88691352573559,0.8363400778362057,0.7290338870808333,0.8
0.7530279066276765,0.9306526184082031,0.705766394832136,0.8787565275600309,0.8225385782664669,0.8698724189518348,1.0
0.11683840921164339,0.08445361256599426,0.07342270832735409,0.0891492985737374,0.10915013443052796,0.13252496900016167,0.0
0.028542737423268755,0.08699911832809448,0.1092613250457033,0.09195607554955307,0.12413506049660541,0.11910310901299317,0.0
0.1559020287782745,0.3372487425804138,0.20355108258834798,0.2848613082687754,0.27572561742334145,0.27873350698434185,0.2
0.2922265015339336,0.1634756624698639,0.1211399160573371,0.27998883315963546,0.266586427443354,0.18265322951839733,0.4
0.03939138807136331,0.08666205406188965,0.11408188958026588,0.09412390004606945,0.12983625848992705,0.1231857944534449,0.0
0.9938316349648908,0.99562007188797,0.9565023153797774,0.9745501335086185,0.8671952052984048,0.9660080982905637,1.0
0.010076054659086758,0.10106074810028076,0.047781699737113104,0.07785031868976047,0.05162771733125906,0.0865786914116631,0.0
0.13862234801150622,0.10674098134040833,0.09859053032969523,0.07011923562234774,0.10903985123247464,0.09759335145170266,0.0
0.8949925860894875,0.8470924496650696,0.7834046685484668,0.6793716156378697,0.6343330322274091,0.5028786082554827,1.0
0.7621095735064198,0.37654203176498413,0.845749041807626,0.4404331688843126,0.4765532262157944,0.4475494166678581,0.4
0.821935253914017,0.7590606212615967,0.731644883606513,0.7360932316968477,0.7306840977040222,0.7442802903864194,0.6
0.20875959412393807,0.3429882526397705,0.2793259651255452,0.3089201525125564,0.33932934429069195,0.2998962438493747,0.2
0.04711593422850445,0.12409475445747375,0.3082386213400755,0.25815847869068387,0.23876933889586252,0.3121832775524308,0.4
0.6501818786095879,0.6988688707351685,0.6824905371845127,0.8361751284642477,0.6628569700145609,0.6371198768963783,0.8
0.17975025084717944,0.11008068919181824,0.19299555792148226,0.10484212804316036,0.13220019839549152,0.07899746516840257,0.2
0.11465975442470863,0.15024378895759583,0.16394043498840327,0.25943675767747265,0.3068830199288586,0.24300235544594437,0.6
0.22436291329790772,0.6266566514968872,0.15485214891882593,0.44829520050464017,0.4375969060015136,0.5282217928670844,0.4
0.3944694993717949,0.5793013572692871,0.4114844884161116,0.47071951775695536,0.5380339715007458,0.6014529240843174,0.8
0.06687890641614964,0.08074721693992615,0.04267255570155559,0.07084081967871636,0.06743379416165235,0.12583176601004023,0.2
0.022779503987560193,0.101220041513443,0.04383149227888461,0.0682223603886693,0.05166503724585175,0.08476115016733819,0.0
0.7770374442984963,0.39943060278892517,0.8007755153835663,0.4104668994516654,0.5248816412330934,0.3821544884059582,0.8
0.339863847002922,0.19075125455856323,0.42291013742770756,0.2815036782953648,0.33624699407737996,0.15836204147183236,0.2
0.13308312091909036,0.1161680519580841,0.09860915914070323,0.10812773975278538,0.1420520022968918,0.07547263077593705,0.2
0.1035102635979108,0.14934593439102173,0.12756389978299576,0.15140669804911286,0.1973288332627839,0.04289909448492789,0.0
0.2931194495238691,0.11534962058067322,0.1516994158205377,0.13005208836159496,0.132807502791922,0.07229753048025299,0.4
0.1418223560456228,0.08703359961509705,0.09421306850492339,0.10441568208882517,0.12679908673391205,0.1350318897498282,0.2
0.5604845408920461,0.8232630491256714,0.6385813076149749,0.680834307948534,0.6509383627550679,0.690520568270233,0.6
0.9738216797072484,0.9830842018127441,0.9775674091469373,0.9618067284211521,0.9309391484410078,0.9407680517804807,1.0
0.7851144288606803,0.8329122066497803,0.7919521216603767,0.8510300300126475,0.7681312919423103,0.7304328074111328,0.8
0.301632638785705,0.2982350289821625,0.3945098039036621,0.4131263319007072,0.46527191399546736,0.29222793441971356,0.4
0.19286989807035723,0.1497880220413208,0.20390959819167997,0.1490797167115368,0.21006393621252048,0.11124536188092607,0.0
0.31890322676491456,0.31095650792121887,0.47305600406738146,0.42630533940114324,0.4761041953651948,0.27180896343954125,0.4
0.055300172717249775,0.10805445909500122,0.0497137311124658,0.12537369244006197,0.1104359593892586,0.06379588760920718,0.2
0.22261515588264766,0.11161264777183533,0.18044075395074088,0.21150853588467114,0.22911432821790773,0.11476612547526359,0.2
0.13176177939501152,0.10212820768356323,0.09948289854758208,0.07432746497974053,0.06493106828211392,0.08843144088321281,0.0
0.8786290553516612,0.8320071697235107,0.9212862545560399,0.8537151226977403,0.789614635060096,0.709886210607802,0.8
0.12291934665922916,0.12085571885108948,0.1490712272267154,0.11924949669960112,0.16766226143529786,0.06680607755426972,0.2
0.5845783671574292,0.7583267688751221,0.6710520360512211,0.6507302974802972,0.4715692615916783,0.3057655124419083,1.0
0.2248242136355745,0.0807461142539978,0.12094958979602488,0.11018003012185393,0.1529888764190458,0.15616188015246907,0.2
0.05465085364973049,0.14586377143859863,0.05746712251832331,0.15657846439636203,0.23205383637738022,0.04631286326858364,0.2
0.04317192897348734,0.10903829336166382,0.05358222521519573,0.11280467373174777,0.08120745698213307,0.0640369738379934,0.2
0.07814328167084993,0.11987963318824768,0.10028663440668473,0.14851657823813405,0.15732203862831523,0.09127194571227466,0.2
0.16595157729651486,0.3369125723838806,0.21226296755509677,0.2991399043802662,0.3434436437451448,0.25814009655003944,0.4
0.9727063170667362,0.9624333381652832,0.96687595963291,0.9631973252769925,0.8895583730397988,0.9133497026789134,1.0
0.09332970124521761,0.09918931126594543,0.10623021045457426,0.11245065223734425,0.118648862974873,0.05423241155214881,0.4
0.06687890641614964,0.08074721693992615,0.04267255570155559,0.07084081967871636,0.06743379416165235,0.12583176601004023,0.2
0.27546920537168956,0.25152820348739624,0.2941754553591802,0.19306728182555152,0.3299421403357671,0.17479580816112147,0.2
0.020123906107830238,0.09910610318183899,0.04383149227888461,0.06915171412721555,0.05050382866885369,0.08626056154305685,0.0
0.23942910227669228,0.35481759905815125,0.27059883600595436,0.09193739057728081,0.27124090714769333,0.5688102441213462,0.0
0.36883857903187955,0.35491567850112915,0.4344637116871608,0.39499031855301375,0.47289872650243087,0.3652840969476034,0.2
0.33694427158433693,0.24220526218414307,0.3093547326743318,0.4562692477544668,0.4606900566032808,0.3212261828251783,0.4
0.802131197358585,0.9672178030014038,0.8942970037736069,0.8481157070577672,0.7572528484917086,0.9103742254627529,0.8
0.19915033680027816,0.07750481367111206,0.13341047131513795,0.10901156834972353,0.14102295686876593,0.163892966279442,0.2
0.020123906107830238,0.09910610318183899,0.04383149227888461,0.06915171412721555,0.05050382866885369,0.08626056154305685,0.0
0.13433731022226744,0.3465001881122589,0.16901305841060366,0.2880014835298118,0.2526123890111362,0.34025503780160304,0.2
0.9204911883451591,0.982548713684082,0.9469329158388506,0.9280060620469459,0.8842792359674375,0.9426950813763296,1.0
0.774282217744918,0.839145302772522,0.8853826565494202,0.885521551182496,0.7476341111926978,0.7860242144299502,1.0
0.05799331164912143,0.11167013645172119,0.07753203094005034,0.10456265446962085,0.09440992974113427,0.0673190236109405,0.0
0.08098152603886642,0.09517881274223328,0.05902556589804664,0.09330437132169926,0.11649590572018338,0.05043026977065532,0.0
0.8166670661972545,0.8575616478919983,0.909910383402362,0.8637768993934856,0.7074128883709198,0.6819738011943347,0.8
0.07192693613575933,0.11413893103599548,0.07753203094005034,0.12866552226609765,0.10898992752113203,0.06976721122405058,0.4
0.9754333135715626,0.7820714712142944,0.9754287629990397,0.8945755066617115,0.8590158062350598,0.8261901592234482,0.8
0.4753082157058616,0.48083409667015076,0.4918865909754181,0.5069892971436801,0.5373780281159731,0.6047103678390101,0.6
0.06468696563789345,0.16768816113471985,0.19588776303763777,0.09680542483233553,0.13285165096334534,0.1344416590844868,0.0
0.13948911839694514,0.17672380805015564,0.23772701862291534,0.24751238244394064,0.35345207193060335,0.33156386687781153,0.2
0.16448912668053742,0.2601476311683655,0.08708795935101488,0.292636952405239,0.2892341508391854,0.458087936728307,0.0
0.980416518482804,0.9919633865356445,0.8897152588010453,0.9205414410494903,0.7976200879009386,0.9430637311128198,1.0
0.9813978019873533,0.9710265398025513,0.977767334149426,0.9529001556146827,0.9162243288638663,0.9336901631523519,1.0
0.9900478325399775,0.985319972038269,0.97161241022186,0.966954997119861,0.9025294703630925,0.9692784474134045,1.0
0.8080320719201248,0.5062585473060608,0.7041085853091884,0.5405278503778856,0.6233548556144718,0.645940029844165,0.6
0.9901071181201108,0.9690989851951599,0.9872663127199147,0.9929841242949703,0.9879313066193227,0.9449173337724845,1.0
0.6775974430027386,0.5002979040145874,0.6705924152191279,0.5320187653310766,0.5982811159941686,0.625552959383524,0.8
0.0449722100471551,0.10105666518211365,0.07070808444993015,0.0841314462881362,0.08363264130598068,0.10422763275940894,0.0
0.2443454101313595,0.11893978714942932,0.25785686207737957,0.14353538612819278,0.18279868448020722,0.08858657716782195,0.2
0.9893012641683249,0.9607334733009338,0.9939149318783875,0.947269430016987,0.9292729433933351,0.944891445961388,0.8
0.11508885978066194,0.10449156165122986,0.09291857905021272,0.10273156258860777,0.07983101506925262,0.1006404470196324,0.2
0.0550321100076431,0.1456354260444641,0.1502159925009331,0.22299718216777042,0.2864601742938414,0.17938918283346997,0.0
0.9061367639856863,0.8209470510482788,0.7558731861967081,0.8840080844485709,0.7725284333563566,0.7525458612612909,1.0
0.8240516092524314,0.9377875328063965,0.7407302887110487,0.7161306250600448,0.6846274209150064,0.8312156759359458,1.0
0.16448912668053742,0.2601476311683655,0.08708795935101488,0.292636952405239,0.2892341508391854,0.458087936728307,0.0
0.1521951870310189,0.41290247440338135,0.23076885875629327,0.2733400887826626,0.2610630644059554,0.3702197611132378,0.2
0.8208114893375357,0.40406346321105957,0.7535725374160946,0.5547553411823307,0.5392972844099111,0.48506990347198486,0.8
0.18816109821176066,0.10779547691345215,0.09770713194389546,0.10016234624578546,0.08108194226994068,0.09816736710657567,0.0
0.7427481862803264,0.5976027250289917,0.866407334442488,0.5396481936073281,0.6979871330806174,0.6675494474099303,0.6
0.04444562190811486,0.022336125373840332,0.04664211410867802,0.09259484312169787,0.1337740440613251,0.0403240005289347,0.0
0.990947861618085,0.968323826789856,0.9688834049572826,0.925775994469407,0.78470704548169,0.9412407359740144,0.6
0.02288534726228475,0.08230695128440857,0.03124122505872473,0.05062231672120423,0.06233275489455257,0.13522601335645903,0.0
0.7807548239139237,0.593844473361969,0.731346340762184,0.660815845854103,0.6773825685039194,0.7143283910094758,0.6
0.11152658385854947,0.10674801468849182,0.12291527484602283,0.11475104843719296,0.11478859571136148,0.09671027067289255,0.0
0.13282853138488324,0.10971856117248535,0.11097436916088887,0.1120505334811647,0.11339311600805477,0.09595832157417782,0.2
0.21012541161516826,0.12449926137924194,0.18862714605555653,0.14908563151788068,0.1789678371508503,0.08470658230148773,0.2
0.11940487073009835,0.12383633852005005,0.0922429934985608,0.10855562716434833,0.13398620056614066,0.15245146344252306,0.2
0.02400740064782753,0.08263593912124634,0.043176924616920354,0.06433583480078908,0.08818715354270384,0.13567073541283614,0.0
0.3869996287423201,0.6166340708732605,0.4550821294800472,0.6392972672105245,0.627397819762142,0.7186769978175821,0.6
0.33370753249270185,0.24019968509674072,0.21004526354676556,0.3619178476718915,0.40006004353571095,0.43691859152123347,0.0
0.01907184479280753,0.13775190711021423,0.08035484540610527,0.0874171735337979,0.12515200516238092,0.17089736773644307,0.0
0.9965255443241198,0.9677062034606934,0.9909158366790208,0.9583861734885692,0.9434161531026466,0.9469744296122693,1.0
0.7887605810815805,0.6453937292098999,0.7675849186985391,0.5965583355886478,0.5771979794809013,0.6635863196550037,0.4
0.23528087653329371,0.12440058588981628,0.2197231239071853,0.15082078987918682,0.17457819700438598,0.08441260294262524,0.2
0.11940487073009835,0.12383633852005005,0.0922429934985608,0.10855562716434833,0.13398620056614066,0.15245146344252306,0.2
0.34094693750939775,0.4097047746181488,0.27155194539626115,0.32363435592792256,0.33973585510174176,0.3727232265606249,0.2
0.826314092745035,0.7498688697814941,0.6542023341913777,0.7805073082960393,0.7218306233360336,0.83774292174244,0.8
0.0347673020640351,0.058905959129333496,0.04743535665929577,0.09289971499045442,0.22014197869993024,0.0740613949022124,0.0
0.9761011768304503,0.8570847511291504,0.9760134918950786,0.9119001961425335,0.8384034126296444,0.8184520919863826,1.0
0.09844091463219637,0.09964200854301453,0.09084104714422547,0.0928226767079933,0.2237537754227785,0.12971751122971348,0.0
0.09303235950245715,0.12202978134155273,0.12460734292964726,0.12125265403518454,0.16817091752151653,0.08850245796185188,0.4
0.9895741941897135,0.99491947889328,0.9546243762169322,0.952547991224462,0.8477186164515557,0.9401127278538577,1.0
0.44234985526094633,0.3906179666519165,0.39252935471977124,0.3932987709352354,0.37698370585264895,0.6067163564379809,0.6
0.7623998349125131,0.9677797555923462,0.8961520511985841,0.9033117311015839,0.7913551458717415,0.9537626263048189,0.8
0.18737601126439596,0.11885496973991394,0.19236944565224923,0.14164413240026497,0.18020563766062592,0.08889368167256247,0.4
0.15452266662045933,0.3190447688102722,0.13610299961251293,0.26504650548846614,0.43311403134652665,0.40041657876216946,0.2
0.7622324889219714,0.4069027006626129,0.774042088431742,0.5484272102489366,0.5945498497506243,0.47102417162519306,0.6
0.12222449720893264,0.3662170469760895,0.22587047308410801,0.5015390896931907,0.5030269391810076,0.5832670776351689,0.2
0.16629480136440378,0.09767457842826843,0.08476469287344435,0.13889926997973337,0.17784222159466392,0.31469504438248097,0.2
0.13282853138488324,0.10971856117248535,0.11097436916088887,0.1120505334811647,0.11339311600805477,0.09595832157417782,0.2
0.04981628601530139,0.15986788272857666,0.22818212588627662,0.10257883432826496,0.12759802476538384,0.14285210160918413,0.2
0.21823919737369094,0.12281224131584167,0.20270875406318,0.14469638293733325,0.1697663734678235,0.0857837020581049,0.0
0.42792294251849655,0.4917078912258148,0.5820672265321399,0.510026086441339,0.5324910058824615,0.6130978592675704,0.6
0.36886908531698154,0.12459808588027954,0.2837366189805862,0.15279330480482708,0.20920350513127234,0.08500149043667456,0.4
0.11940487073009835,0.12383633852005005,0.0922429934985608,0.10855562716434833,0.13398620056614066,0.15245146344252306,0.2
0.03366510177995657,0.14869451522827148,0.039786385267242985,0.07454595160784236,0.09481506584921046,0.15628480876659068,0.0
0.12728529494881274,0.058725446462631226,0.22474996247428125,0.09500610782469744,0.13538990219716215,0.06129769209541096,0.0
0.27905953062543337,0.5618568658828735,0.16854092226750716,0.1655371338969603,0.31731099313978167,0.5729127660462703,0.6
0.11053910476598901,0.18187952041625977,0.14503190496921614,0.15974421554245175,0.3347037905632939,0.16107659582502754,0.2
0.256059558331066,0.4347902834415436,0.25762327242713756,0.33125898344507726,0.39005732282925987,0.3196886624822831,0.2
0.3672806824302933,0.540202796459198,0.2528570732382962,0.394945412062646,0.4147739271749567,0.747050404536616,0.4
0.17954925649473036,0.1146058738231659,0.09074371348061339,0.11950066378592743,0.139819704304288,0.06944924079762847,0.2
0.7496235250641966,0.404765784740448,0.8200161927207695,0.4309205657547577,0.5449977379493662,0.4233050502670461,0.8
0.38701503520082225,0.14442339539527893,0.6062144095184822,0.4351761132922439,0.3950933100948601,0.0952983174592977,0.4
0.07009413883391942,0.11509093642234802,0.0620326954399576,0.12204153486927993,0.11133717207812456,0.09178796923768338,0.2
0.354548176254077,0.3293067216873169,0.31790926492171756,0.4654436038484763,0.5129489722670163,0.4995258054704188,0.2
0.048455771326446864,0.11603015661239624,0.06696658819550838,0.12105238931494779,0.13875390374240926,0.073528522577568,0.0
0.9759777902620693,0.8772851228713989,0.929461760537399,0.9405211436349485,0.8336476121017053,0.7554495014081751,0.8
0.05992325038032525,0.05941000580787659,0.12611684040207416,0.14744089457012513,0.16955697351066482,0.07023869149373152,0.4
0.03429909465452844,0.10821086168289185,0.23769032496299514,0.1139891414493947,0.21525423119480994,0.13382461789098962,0.0
0.10942174963941255,0.16588222980499268,0.1868924303829358,0.23375908692967517,0.30632049175415893,0.18999425215614257,0.0
0.1782423680828273,0.024950265884399414,0.15194869553690094,0.107015396867883,0.1569858229650277,0.04692467225586944,0.0
0.9595655641482587,0.9575530290603638,0.9907243154896591,0.9460660511563613,0.9042783302084585,0.9488673935184879,0.8
0.9573404354251298,0.8137131929397583,0.9365181818603681,0.8411619210141081,0.7804190348140811,0.7617623439515425,0.6
0.7331715195977128,0.40200796723365784,0.8461327051474797,0.44997372467313396,0.6134449658686973,0.4574152176323246,0.8
0.02288534726228475,0.08230695128440857,0.03124122505872473,0.05062231672120423,0.06233275489455257,0.13522601335645903,0.0
0.17621084511244153,0.14774516224861145,0.11561721702287087,0.16404933689976026,0.32575897639565676,0.5436731538022089,0.2
0.8834758894103665,0.8317887187004089,0.8479534994497144,0.8478155131631236,0.8119319965528868,0.783408728698295,0.8
0.2996680462583683,0.4007434546947479,0.1782342767198768,0.3814344851911586,0.2919386692673305,0.38679742596931843,0.6
0.02288534726228475,0.08230695128440857,0.03124122505872473,0.05062231672120423,0.06233275489455257,0.13522601335645903,0.0
0.26418529666737683,0.11208540201187134,0.12420393603937252,0.1312962200500862,0.14275920273864173,0.06634642382988916,0.4
0.9812440063469187,0.936259388923645,0.9476326489263232,0.8567019241034964,0.8692077852859939,0.9158655856276395,0.8
0.8465577074735762,0.9177617430686951,0.8587104916964827,0.7138174018174018,0.6351259601509668,0.5411477088478682,1.0
0.23782448250008553,0.39711445569992065,0.3336287055000202,0.40486426435491984,0.4423326872999579,0.4859402821469717,0.6
0.18426051076801594,0.41924628615379333,0.2628325565640647,0.28368682397071576,0.25582003766738237,0.3259176176346664,0.2
0.056379200996997565,0.11771664023399353,0.05989692248091172,0.12296932136329952,0.11327260065830881,0.07294226291470905,0.2
0.2292274965608596,0.11068743467330933,0.16475112946489856,0.10204236285911301,0.11195184142999673,0.13938971904862607,0.2
0.0480663971027983,0.11420950293540955,0.1028695961449384,0.09327528310249705,0.11484176112165269,0.1020923390159381,0.0
0.13626759808489058,0.11067217588424683,0.08316831193656515,0.11014356447105395,0.12706923832027123,0.0905916998791946,0.2
0.30945322762292843,0.11233821511268616,0.20853139630364015,0.11114687815467286,0.13258537195520323,0.0857199851136079,0.4
0.5841719704084192,0.591505765914917,0.6987672775005183,0.5456138174024833,0.5471839427940237,0.6358126281201463,0.6
0.06643049236657324,0.10806000232696533,0.04233647832978649,0.09731403833347488,0.10386981691587899,0.11607198358570492,0.2
0.8191551590650454,0.8942998647689819,0.9063409840294476,0.8528864129917549,0.7719410521777967,0.8106621740505022,0.8
0.7462524427393802,0.5093621015548706,0.8769619232669082,0.6643294306992936,0.47585995432506245,0.30305718590146047,1.0
0.03575020975641529,0.11758321523666382,0.05374436680625572,0.14732273831428258,0.19099951349157152,0.1667006629793823,0.2
0.051318693129091146,0.10734212398529053,0.052163045251400475,0.1139034710921318,0.11572616159415279,0.23121416342790696,0.0
0.17439216897752813,0.10882750153541565,0.11252806910595503,0.08901857995041623,0.08197397739741889,0.09780491227340027,0.0
0.6827693128808089,0.6988195180892944,0.8961929082966491,0.6852848818807447,0.6917553500823158,0.7103671367635137,0.6
0.07045175529055717,0.12189227342605591,0.04381654949945213,0.133509038660874,0.10720085526189864,0.0699673419671394,0.0
0.9082058956767962,0.9558152556419373,0.9470070122669295,0.802508067175837,0.8314144769189169,0.9229108636363866,0.6
0.10392611053634426,0.1132817268371582,0.13315510621576354,0.12258187775325695,0.1436703164628335,0.0806687704575571,0.2
0.13082983663054437,0.10040876269340515,0.11766117933735909,0.14659021355528512,0.17104125556096805,0.07223245982730686,0.4
0.40861873173095026,0.3578830659389496,0.444646611978056,0.38829355547548616,0.42381197804021437,0.3459131722296658,0.2
0.12077472413245484,0.10064542293548584,0.11812037869718417,0.10443323399244335,0.14718631960803547,0.1518336490879469,0.2
0.9165425419058747,0.7963822484016418,0.924756399909553,0.9689438315772275,0.7959340997477775,0.8737630470989676,1.0
0.965315140274097,0.9311952590942383,0.9450280108060405,0.9783318269797582,0.8348498964947516,0.8745332371750317,1.0
0.891913519150799,0.815589189529419,0.8782017218171093,0.9168424697886353,0.7676677889981809,0.723353306439512,1.0
0.1318536552382323,0.10111001133918762,0.10498882390137132,0.08396999662905762,0.12394102350623286,0.14737554916405016,0.0
0.3831091698172856,0.1116047203540802,0.22994845129109043,0.12134992886071432,0.1427500191091924,0.0871676176436534,0.2
0.9787916405488009,0.953779399394989,0.9699499894255871,0.9886553563915227,0.8490156221190436,0.9206729977595297,1.0
0.9109743993138378,0.816878080368042,0.8854470198552603,0.8769591769796357,0.7986433522689483,0.7044024666050879,0.8
0.9954548472943522,0.967775821685791,0.995188500092714,0.9876440621302285,0.944688629293739,0.9383315974985978,1.0
0.15846471088281783,0.11003130674362183,0.09588028480012922,0.08259855116684928,0.09900150238057366,0.15256175186228355,0.0
0.9886246730736569,0.982785701751709,0.9853393996094685,0.9690434504630212,0.9310506970646929,0.9462729003224347,1.0
0.0941648997294168,0.113075852394104,0.1474428879576999,0.14967373977646012,0.14802001726195146,0.08429417356850574,0.0
0.01669173346312023,0.11086180806159973,0.0776970112065416,0.10043183821618604,0.09802370079938881,0.12625061741114202,0.0
0.811629661234559,0.8210583925247192,0.8023262537694676,0.6404289190932354,0.6561021026112757,0.7966186624696736,0.8
0.11666280430153247,0.10934373736381531,0.1006037745722611,0.08861301982520202,0.08634376686082076,0.09830235932945823,0.0
0.2828323483476112,0.25973260402679443,0.24915504606324923,0.11944339573439741,0.2392690209501067,0.3841575547907069,0.4
0.04862273639947592,0.10497349500656128,0.013761993675239559,0.0699932252077832,0.09429750067255688,0.06442933796013804,0.2
0.06991872957728612,0.08287793397903442,0.10302460390610102,0.03558423375032025,0.11486799874623749,0.04595098692324892,0.0
0.0704809480328152,0.12816762924194336,0.09184991254376407,0.1228021385529165,0.20988903935786635,0.19814976466016232,0.0
0.9626252770808916,0.8212331533432007,0.9086606657128522,0.859829797527975,0.8125409593531152,0.7270818790000732,0.8
0.32248787834106407,0.6459271907806396,0.2993095864753478,0.571325987800435,0.5840214899791282,0.6465630499565547,0.4
0.08351972424709429,0.11567071080207825,0.20012543126520643,0.12520037600213957,0.13059714304650946,0.05802436016197454,0.2
0.18807027554973696,0.11998531222343445,0.22530101411334402,0.17923584617098012,0.1720230460383709,0.08504050366567456,0.2
0.8286920124582946,0.874802827835083,0.8441427511650031,0.8931634339294134,0.8127929432619122,0.7914332851474352,0.8
0.02363150862407562,0.11026656627655029,0.06019683942509846,0.09331283353925725,0.0784441769094106,0.09461716007125241,0.0
0.5331836220181082,0.5435596704483032,0.6930790012072867,0.4748465562345642,0.44939657639099945,0.5406024034652107,0.6
0.673132207155335,0.7104468941688538,0.7467020916772751,0.6662589431836675,0.6742324283896616,0.6173051855502629,0.6
0.9853326360870095,0.9842642545700073,0.9932213938802646,0.9910377550110344,0.9306465346637091,0.9692884312398721,1.0
0.031880354814129104,0.10724332928657532,0.10761019941105299,0.0605308564910637,0.07319920992986491,0.05058808205614763,0.0
0.3376836097602693,0.4464363753795624,0.4244697248041853,0.35237128082182745,0.4238063493053396,0.43932257226538607,0.2
0.4140233538436133,0.31642746925354004,0.2475304734581919,0.33534098597121387,0.2914836136437495,0.36696183968939694,0.4
0.5873954292254068,0.5564258098602295,0.4105300750831661,0.4118314255685298,0.5511647303863272,0.6376528265186855,1.0
0.11322169785924224,0.1091429591178894,0.11625191837553683,0.0975186499094035,0.11796798474567587,0.10044634834649983,0.2
0.05607997863223961,0.08847397565841675,0.05854813414606841,0.05209701822642336,0.07341348699792595,0.031215544162318403,0.0
0.522520240342721,0.46979978680610657,0.5585702319482452,0.38565421105501657,0.48572539226169487,0.7436853159745643,0.8
0.17802405941629487,0.10771682858467102,0.13587221602410582,0.131931753201874,0.1511977840763144,0.10380797477642256,0.4
0.11604284514130264,0.10027974843978882,0.06508901664125977,0.08148331190639974,0.10290653738401925,0.14491893938458342,0.0
0.27779719301653355,0.6382324695587158,0.4599732002583574,0.48822211154711903,0.4587697067624271,0.6605547368287668,0.8
0.3257840953206587,0.8366820216178894,0.6356292755033888,0.6501553520249531,0.5484850566075639,0.835481955190416,0.6
0.1163048158906361,0.19904741644859314,0.31050883894855974,0.33721156367712074,0.2927001499467431,0.139179291148304,0.2
0.24984112488191557,0.10912340879440308,0.5280463419421302,0.19650042261304404,0.26399212250454657,0.22514502867558053,0.2
0.5793379729815932,0.46733635663986206,0.47075888262576737,0.43183511411758735,0.5276169694524023,0.5988064149695755,0.6
0.0561926478118478,0.10974639654159546,0.09131270421551285,0.08725728810336594,0.08191436697441803,0.09413641462849724,0.0
0.054612580713539194,0.0353827178478241,0.02124515142575134,0.04309435485239449,0.09608045322928935,0.024198228182380627,0.0
0.9392921519939007,0.8315767049789429,0.9181498292466,0.959943329713025,0.8321749304995738,0.7701496520015695,1.0
0.26102058108377874,0.11782658100128174,0.2543570647421556,0.14531293870644332,0.18411610364449715,0.09863449236779295,0.2
0.39131876602522664,0.7151976823806763,0.7296233253022142,0.6526867764760459,0.566908577045422,0.7403061225411981,0.6
0.03392271547409791,0.11000621318817139,0.07165884467955319,0.09070329132918903,0.06776932904189926,0.09437651314114022,0.0
0.29646881294324334,0.11113756895065308,0.21249790525458923,0.11812837452925287,0.13469937472406035,0.08886477656851975,0.0
0.23016269445926213,0.11364254355430603,0.1824311466949191,0.12753983275772993,0.17899473288843168,0.07758774567603628,0.2
0.09118060757494868,0.10174098610877991,0.136606986468489,0.09014586456228357,0.13019801552534183,0.15939339482718765,0.0
0.7732537340698434,0.7507419586181641,0.7386233026455573,0.9152780044451057,0.803251830675935,0.733962087088736,1.0
0.11640302161074058,0.2969949543476105,0.5743443956486514,0.3648241597639585,0.41503038481436433,0.350763600340949,0.4
0.08400417129097906,0.15629976987838745,0.0765352648343588,0.23076975226831656,0.17191242931333028,0.2142708734265364,0.0
0.4224271937108295,0.3680959939956665,0.6005908354668764,0.44221950332248683,0.488841378628036,0.3274004010887616,0.4
0.49875661873398475,0.24721172451972961,0.3671457650300045,0.36123140494696215,0.33904448155878997,0.1654528237968142,0.0
0.7897685939805202,0.8228224515914917,0.7639804753781257,0.8094729680059927,0.7573924242910933,0.7724262959856577,1.0
0.9942678971850439,0.9800184965133667,0.9679023846290775,0.9566157013921388,0.9115163274299193,0.9863772008676618,1.0
0.06808771948580482,0.07519975304603577,0.04210611197765257,0.05892186217108872,0.19323880382309067,0.06210636328499069,0.0
0.9819370312762883,0.978149950504303,0.9672789239940401,0.957022133342077,0.8601222336120585,0.941884707347339,1.0
0.9433160313030361,0.7427837252616882,0.9672544810633763,0.8691406277056275,0.7288765598580259,0.4346763117550955,1.0
0.09118060757494868,0.10174098610877991,0.136606986468489,0.09014586456228357,0.13019801552534183,0.15939339482718765,0.0
0.13068286358172415,0.1050279438495636,0.043039521297785543,0.076178820735532,0.09666747834650172,0.0633331303618018,0.2
0.06113646478620822,0.0741763710975647,0.060703484820815556,0.06676475026835658,0.16947548042856636,0.04824293602516204,0.0
0.15846471088281783,0.11003130674362183,0.09588028480012922,0.08259855116684928,0.09900150238057366,0.15256175186228355,0.0
0.4830314298799667,0.36758941411972046,0.3054622464599098,0.38450914656766083,0.4785973842026524,0.4048903380064553,0.8
0.09118060757494868,0.10174098610877991,0.136606986468489,0.09014586456228357,0.13019801552534183,0.15939339482718765,0.0
0.03914357270248981,0.11003240942955017,0.02787299122179554,0.08332109803042681,0.09318352906152225,0.158109685647367,0.0
0.802989667791144,0.8612521290779114,0.755018323400297,0.8600039130581278,0.6878269182872719,0.7766588593842056,0.8
0.014893754785525449,0.11491352319717407,0.03494882777787889,0.08088701822839331,0.06052767194685411,0.06763554978942339,0.0
0.9341289975694294,0.9310686588287354,0.9732381774830566,0.9765308193117153,0.810575471275744,0.9381687538306317,1.0
0.09118060757494868,0.10174098610877991,0.136606986468489,0.09014586456228357,0.13019801552534183,0.15939339482718765,0.0
0.24370004477368087,0.11968892812728882,0.1588080278106182,0.10919560499087007,0.1376850554088307,0.12277636982699276,0.2
0.7724006979371779,0.6751535534858704,0.746843540850932,0.7458526793789595,0.6336761181990563,0.6875340967814568,0.6
0.9710592362883453,0.9851524829864502,0.9681793223055116,0.9945671475436991,0.9282860910496405,0.9574327829609076,1.0
0.11634512404204042,0.1111329197883606,0.08510696341812451,0.10022354729360647,0.11480427723304772,0.1332989708989074,0.2
0.9894092562014215,0.9819196462631226,0.9882996247297559,0.9859705565159474,0.9160523940380948,0.939818229106884,1.0
0.8021336328349544,0.8448983430862427,0.7431639621620459,0.788305721992022,0.7322437885739934,0.7564936029204157,1.0
0.9954129704882312,0.9949771165847778,0.9699863930563206,0.968635345049925,0.9537378560554723,0.959088343273118,1.0
0.02170060919790455,0.11396872997283936,0.07486344728487349,0.1023470816513325,0.09335414614158578,0.06504032129455178,0.0
0.13923330465295056,0.09496334195137024,0.17665435027483878,0.11923403412126772,0.15647565672331093,0.08943110916061765,0.2
0.5755769699337921,0.47013601660728455,0.460900303813481,0.45808002471975934,0.4615080370184964,0.3942705701656572,0.4
0.04939084885509913,0.1354427933692932,0.11523936903110321,0.2035411244116846,0.20423941499445977,0.06274950812456574,0.2
0.9846292201565083,0.9940391182899475,0.9556941409988895,0.9933672386183804,0.9488616932224889,0.9599716836014133,1.0
0.033123198519387755,0.10826173424720764,0.07556485519495015,0.0466866138873886,0.07949198436287033,0.1463512499487446,0.0
0.1274857792985106,0.039635926485061646,0.10778223355507655,0.07000254297569158,0.11788269954479008,0.09119126399927113,0.0
0.6541606456565786,0.5960489511489868,0.5808830018462043,0.6400735866326588,0.6046592739935437,0.6327089287576318,0.6
0.4527796863846706,0.4964344799518585,0.4358286637442952,0.5938103228291135,0.504119189788295,0.7997783005810234,0.8
0.070756406028804,0.10305145382881165,0.05250263983212855,0.08663002642108152,0.0946823621676477,0.08496221971624535,0.0
0.8770536941850564,0.8356212377548218,0.9117743178912842,0.7901286034822409,0.6957441987575771,0.6254084293073569,0.6
0.9917928593670187,0.9846864938735962,0.9888033771442569,0.9635444059343955,0.93368501510605,0.95378904558464,1.0
0.39473281904624813,0.30508869886398315,0.39595879810839874,0.18726086334044978,0.29780217056859687,0.4269474426315452,0.2
0.0655281229239059,0.12949693202972412,0.10883852288427676,0.08145921337058067,0.11497954062973174,0.1415263464332603,0.0
0.1968511742593674,0.35571056604385376,0.11395947359620007,0.2802467116410738,0.3292366116694904,0.40781441217053627,0.4
0.10068853770160652,0.09383189678192139,0.16849682642084685,0.12048029805237938,0.1111814270625056,0.09119859964611449,0.2
0.8398572938588615,0.4786371886730194,0.8816998131780885,0.6858273267714162,0.6460227643906725,0.2567649907083271,1.0
0.9884594189964826,0.880523681640625,0.9599701859519253,0.9109584424998836,0.7502316992721718,0.7751040060603694,1.0
0.02520907862160675,0.11365357041358948,0.09548482910958045,0.10204617845608185,0.07464713750810277,0.06519199365707216,0.0
0.9005422745455869,0.9137423038482666,0.8823709067132289,0.9078210200218723,0.826006989654474,0.8759181778650712,1.0
0.08826109821337771,0.09712827205657959,0.12839142899664535,0.11346327714052555,0.14446455492830715,0.105495734424702,0.0
0.911788250798791,0.9909363985061646,0.901174291251388,0.9679942227453647,0.9161412389930178,0.9634261787338366,0.8
0.12712726689135165,0.11131364107131958,0.13398968502331254,0.10453154111223859,0.1215591644598836,0.1335870774065286,0.2
0.9764760347043195,0.9847633838653564,0.9885934610112913,0.9919219327259442,0.9216058789378955,0.9597588984923067,1.0
0.23666377061556598,0.10617026686668396,0.28489523708590925,0.10165171269624448,0.16608136217598424,0.1517224749263988,0.0
0.16888785961231834,0.10498923063278198,0.14073376450757957,0.12708900756147812,0.1295863570778051,0.07761000215037708,0.0
0.2819106489942439,0.4851938784122467,0.4050593724337278,0.4241691266079824,0.44877776217772425,0.5815570957616077,0.6
0.9174925722252979,0.6892197728157043,0.9363192632202735,0.8060463651509044,0.7199802317758162,0.4407620279713929,1.0
0.1370243706210493,0.4672642946243286,0.37638481341692365,0.45319154781186133,0.479761186458142,0.5103337599202745,0.4
0.6050241955020291,0.4931063950061798,0.568367839827645,0.40207978141943423,0.48367804054718866,0.59628303111828,0.6
0.05930877608583599,0.06443938612937927,0.040114517002138306,0.07851885024682814,0.08058984633521882,0.12124542060909355,0.2
0.8740847766211504,0.8890116810798645,0.7438514116458528,0.8482025448072764,0.7497883752270362,0.7895471133671669,0.8
0.04293033718674086,0.1107667088508606,0.09723249363271558,0.11817247604865443,0.11451951625398145,0.07362195855045245,0.0
0.05476941675339704,0.04708296060562134,0.04239832283461065,0.10276577245808964,0.17656181166584078,0.10235998276189252,0.2
0.16753570334328974,0.4071958661079407,0.1645978499295888,0.4241540773248843,0.3147059649209093,0.4233387525955327,0.6
0.13834441527051033,0.03894150257110596,0.05064798573624352,0.06013492075810788,0.10981618974943512,0.019986458661375696,0.2
0.0868557305636739,0.09484779834747314,0.06845559961946945,0.0825378096811428,0.15062659159009456,0.09802677075103573,0.0
0.056585959236371,0.14311310648918152,0.21421633560023612,0.13887957609879265,0.14478482601743808,0.07996871509981517,0.0
0.8033758119028837,0.9875873923301697,0.933498639533321,0.9378385551629584,0.8350471089380068,0.8732953412295804,1.0
0.023437045930517153,0.11944004893302917,0.06356222072157758,0.07910548038226098,0.13033947162984447,0.048028444849524565,0.0
0.07581984751469004,0.06431251764297485,0.08152666713820156,0.08080670215362895,0.09280666593439776,0.12177733616249019,0.0
0.05930877608583599,0.06443938612937927,0.040114517002138306,0.07851885024682814,0.08058984633521882,0.12124542060909355,0.2
0.3484896018071147,0.1152258813381195,0.29426462640061324,0.14559156020738181,0.27252291419508473,0.06859792660661254,0.4
0.08574730202534243,0.07042419910430908,0.06554213618389915,0.090989388994569,0.09670996025563476,0.06130988452198285,0.2
0.9733798043721749,0.9877710342407227,0.9291001684962427,0.9369993953893849,0.8678047098968044,0.9290580030727098,1.0
0.08686895326363722,0.14066582918167114,0.1467497156480837,0.10455853423924522,0.15838893286475852,0.1699546081275821,0.2
0.3495035958026526,0.5963354110717773,0.47369786403409064,0.6152743274291644,0.5234802400471377,0.8187794952205265,0.8
0.0762251777388211,0.10324278473854065,0.1698263995380196,0.17359679341588297,0.2770543300621558,0.11813988069102897,0.2
0.3943461574364291,0.5082079172134399,0.502346258103466,0.474970764426648,0.44588121791244595,0.6219607550923738,0.6
0.09757332205096866,0.09332281351089478,0.17819782404813866,0.18710863884524767,0.29216729318909757,0.1374156311671371,0.4
0.06419578678519806,0.09995251893997192,0.04294425336413443,0.09540213742247616,0.12200840508551214,0.08756808785538035,0.0
0.28522133980913,0.11548677086830139,0.2797395925128445,0.13691443442190362,0.24667919052923562,0.06982333076722977,0.4
0.9958350784748913,0.9204846620559692,0.9844068751465327,0.9517300431276474,0.8882326090839479,0.9129672473643128,1.0
0.9870284757287393,0.9722845554351807,0.9877223403026054,0.9615290549455153,0.9040179162373173,0.9515260094371137,1.0
0.06185960348604128,0.13798671960830688,0.12331170181897833,0.2021958863164465,0.2088442767993216,0.06502457279602653,0.2
0.9380617960448783,0.9838782548904419,0.9735951743001682,0.9189820218026739,0.8702637477364308,0.9482836502696991,0.8
0.8724600365772671,0.8869568109512329,0.9225460123318601,0.8570721548569071,0.8010317307039594,0.7488828575179681,0.8
0.0505779268824866,0.08106544613838196,0.08898257989330971,0.08496776166990185,0.1256159655689037,0.09977402475688082,0.2
0.3622295607577383,0.049278438091278076,0.39678219521514024,0.11643227163658569,0.20137804342170093,0.08467026535879847,0.2
0.12446895316694336,0.10518777370452881,0.05645779650875016,0.05828881985158341,0.13385305234868636,0.040885923126227366,0.0
0.06174492370731857,0.09454682469367981,0.08445461093346973,0.09911544647815752,0.0837038146983983,0.0892284261289438,0.0
0.1058257325854534,0.3980933427810669,0.1466784830670841,0.3692871229414177,0.3557332796567069,0.2865497420378594,0.6
0.10425673937142436,0.11101901531219482,0.18031690645351273,0.11481620432965965,0.156430359598588,0.08531513759250625,0.2
0.42465072081525174,0.06139758229255676,0.1558476842430515,0.291111993892567,0.2826198857987352,0.13486566495499425,0.2
0.020266276144641746,0.10165959596633911,0.05319818073871729,0.10127936456330676,0.08491293231959199,0.05537301281439061,0.2
0.7862546069146893,0.47455230355262756,0.9020934618794308,0.6841734806175702,0.6109496535505443,0.25127205610167636,1.0
0.9389714556288139,0.8644917011260986,0.8472645184615097,0.9599813001757304,0.8619172685926919,0.7654117562221697,1.0
0.27191416078606245,0.5023401975631714,0.4312739810159859,0.4759894810041881,0.42296372364201046,0.6129748299432713,0.6
0.9957973702038102,0.9820267558097839,0.9952933232256187,0.990658196462208,0.9276549914406921,0.9457034584652698,1.0
0.9799307838981661,0.8035615682601929,0.9442603668565889,0.8787698728656436,0.7817488259564926,0.788607585848106,0.6
0.9580854386084832,0.9751083850860596,0.8288824357452634,0.9155009837471414,0.8492651610204899,0.9744791092837907,1.0
0.9594500758292392,0.8832137584686279,0.9256511960824505,0.933327039751061,0.874210021346961,0.7210520581307749,1.0
0.12102511924066908,0.048207223415374756,0.06757755360555684,0.08023745629685246,0.0902179869788956,0.03959805314284668,0.0
0.040579144395226224,0.10312333703041077,0.06676917806328853,0.11344918971290209,0.11828340922739118,0.07898274258457619,0.2
0.46638438397136933,0.1188986599445343,0.285808348445596,0.3131412182698362,0.28810718348313713,0.08531644592275528,0.4
0.9321479840785181,0.827894926071167,0.9750504323072515,0.8338797716613624,0.7486626963437332,0.6333673900891413,1.0
0.16051721765636043,0.13728347420692444,0.15686451391074008,0.07723367117416521,0.11299254240644632,0.14955082534155345,0.0
0.07218518558972031,0.10322520136833191,0.1698263995380196,0.17443012674921632,0.2720963813442071,0.11617242284818848,0.2
0.3425695456514842,0.10881057381629944,0.20211121586580427,0.12683919260259283,0.13796021720312493,0.07492989020590207,0.4
0.7250899412299178,0.6720856428146362,0.6724995757221476,0.6551401866992586,0.585116593180819,0.6673081398447547,0.6
0.05930877608583599,0.06443938612937927,0.040114517002138306,0.07851885024682814,0.08058984633521882,0.12124542060909355,0.2
0.4231239967552376,0.7664875388145447,0.4147182090324012,0.6210875310315167,0.6547845978100085,0.6681874290845462,0.8
0.05902980161584879,0.12312355637550354,0.07955695826049725,0.119686713922006,0.17105777575200895,0.08390044373186638,0.2
0.2187702700706354,0.010031074285507202,0.18704133963589165,0.21196923843151158,0.27200514228778155,0.15756371816612014,0.0
0.2187702700706354,0.010031074285507202,0.18704133963589165,0.21196923843151158,0.27200514228778155,0.15756371816612014,0.0
0.07357223539646836,0.2949511408805847,0.10103898828952596,0.3101889148515519,0.27207255253136936,0.212128708615545,0.0
0.12916751739903928,0.07659435272216797,0.10881357887181309,0.17871473507755095,0.22282236775547165,0.3886136589631381,0.2
0.722774746149214,0.7471088171005249,0.6338078785120818,0.5134864781072721,0.5654595529631209,0.7618444838951097,0.2
0.4355503812919505,0.3918706774711609,0.5819622345192075,0.46692169049279064,0.4712736798660655,0.6166554361959722,0.6
0.41708194379420815,0.4464952051639557,0.3621837390804281,0.3036128754037481,0.39715102955901516,0.6965520609080997,0.8
0.16806711314472053,0.10401380062103271,0.12183662978194842,0.10988278401346095,0.0942105759783458,0.09538300586946274,0.2
0.08332993704994833,0.14146873354911804,0.16488894903732532,0.10504590892982012,0.12823347960181064,0.1766756014091467,0.2
0.10704635567623128,0.11984312534332275,0.08056432881011744,0.10672576164725102,0.26333764777167284,0.09814793924948136,0.2
0.05725002466358576,0.10700887441635132,0.08822459614895262,0.11187591248704816,0.10141827324751923,0.07052276478937888,0.0
0.9776867230863205,0.974815845489502,0.9834058242147297,0.9214012026056292,0.8524350384489328,0.9139091655840853,1.0
0.9700727872302006,0.9094762206077576,0.9406121931959837,0.9718694678751608,0.889596430123829,0.7662506210323023,1.0
0.14977379319623835,0.06992760300636292,0.06791502462275067,0.07433009004468982,0.1645549812339625,0.06542984957787137,0.0
0.3197489673725159,0.4358382523059845,0.40145463061289066,0.5394127246990271,0.5251658765905626,0.5821911482355107,1.0
0.14477862009468792,0.05212065577507019,0.11268597322260265,0.08099296257636275,0.21103176825108386,0.07408811991405077,0.0
0.9829302562700428,0.9524170160293579,0.9607197086737446,0.9408632250385754,0.8892898253374749,0.8807482860936399,1.0
0.3093844766668143,0.10463640093803406,0.18320531438654308,0.1329655980481288,0.17970637533626038,0.09562451373220734,0.2
0.8214148750026382,0.6563568711280823,0.9267965147844417,0.7197825257817518,0.6162791835706508,0.5412462881586017,1.0
0.09737427240029768,0.1539941132068634,0.04972019897875346,0.11319722396822403,0.13135545403058374,0.0925403491805939,0.2
0.3771815073248226,0.26695698499679565,0.28296392035813756,0.47809916812164366,0.4916295445446194,0.3276952817885467,0.4
0.08457625249911732,0.14409282803535461,0.11920157811077481,0.12494254884967848,0.16257572546856672,0.08170784853964881,0.2
0.9399109769589216,0.968927264213562,0.7825130413438323,0.8825921954481566,0.7762723913201871,0.8870918604460284,0.6
0.709192919059634,0.6918151378631592,0.6928690954496173,0.6237917160627994,0.5662823531600628,0.6448663526151591,0.6
0.9388797515767906,0.9683325886726379,0.7825130413438323,0.8825921954481566,0.773066042113838,0.8852477408110362,0.6
0.9860535949327002,0.9716313481330872,0.9755062551599237,0.9856072817644481,0.9537561832961116,0.926704577473272,1.0
0.11434984500002865,0.0009028315544128418,0.06754437336032293,0.09657034192890623,0.11936242566623728,0.011266585907253103,0.0
0.9773818435792899,0.8737791776657104,0.9161223395344124,0.9148502779323461,0.8092672387628105,0.7604193647931925,1.0
0.17327537529815448,0.2121281623840332,0.17150746971904418,0.1744160032155488,0.20786583171925455,0.1478745274259744,0.2
0.05858481999354664,0.08225694298744202,0.047021786749458006,0.0790241846518259,0.0852486215832696,0.1298536128518231,0.2
0.6261555255580099,0.5762349963188171,0.7163843097468414,0.6516319836613875,0.6328454734904122,0.7994368864032584,0.6
0.9692980581631966,0.9919190406799316,0.9183109955496429,0.9150537781488697,0.835868238651763,0.93853117360131,0.8
0.1449277388353741,0.11607196927070618,0.0485418125950714,0.12960294509046058,0.16298845700809347,0.06661161068789853,0.2
0.9852853173848125,0.9788604378700256,0.9890467350002657,0.9926009051646117,0.9401149268398771,0.9333908006881083,1.0
0.15210046195045543,0.09562543034553528,0.1731573632017317,0.07949253167027846,0.15125728295869376,0.23995567996938214,0.2
0.14744472573643358,0.10945063829421997,0.14862570031908662,0.13358220554899133,0.16804937257539684,0.0754694012828001,0.2
0.17011594944203462,0.10846027731895447,0.10607744531791441,0.2503382583005314,0.23929764274108115,0.314688511101072,0.4
0.0565093702895794,0.10893362760543823,0.09157149964122824,0.11351919643008572,0.08225329234889431,0.07314678585152116,0.0
0.6419000241280675,0.43847495317459106,0.5522765291067111,0.4667265272137888,0.5292934140952396,0.37125988941096744,0.4
0.9342823044904313,0.8560055494308472,0.9171079023130194,0.9056856282545386,0.8285388266534655,0.7398690761053177,1.0
0.05725002466358576,0.10700887441635132,0.08822459614895262,0.11187591248704816,0.10141827324751923,0.07052276478937888,0.0
0.07993998369978796,0.14878585934638977,0.04628180638757251,0.08899561090859583,0.13968323608378655,0.0970992348379901,0.0
0.9722871759602054,0.9832761287689209,0.9847927855661132,0.9371427196974425,0.8803776107245427,0.9172038991546814,1.0
0.16529780034805783,0.2727600336074829,0.2579082282379038,0.3085053546340001,0.40162499750308767,0.4404184243324815,0.6
0.11444386955975647,0.10666117072105408,0.11312765328379648,0.11569728566212455,0.11357613058928867,0.09075449453932512,0.2
0.1221427030566462,0.10352984070777893,0.13399824874458865,0.1315681915782053,0.1450979996991824,0.06274568794371731,0.2
0.02345406637860512,0.11304706335067749,0.031337867015485354,0.08431212945158455,0.08666194429909838,0.22750889657137652,0.0
0.11158794584678551,0.12192139029502869,0.16188019921330066,0.14628282938510584,0.17298735909697338,0.09637824576870949,0.2
0.20841303246100892,0.10351136326789856,0.15622696352444498,0.12793632314104125,0.11240429519084656,0.09908296027388691,0.2
0.09667432615140893,0.10755670070648193,0.10997838524121983,0.10548546676154377,0.08163632531299457,0.08925714503735536,0.0
0.08921375486032204,0.08652442693710327,0.04312068349389431,0.07243868097415564,0.1455856450277515,0.04720237192344447,0.0
0.3755689941580641,0.4526155889034271,0.5137611775642387,0.45840820827071516,0.5051996905371688,0.4290037927223863,0.4
0.7830679136458977,0.532598078250885,0.7307899573884228,0.6655511306297781,0.621996218544901,0.690155662984652,0.8
0.0494714541551774,0.11067241430282593,0.06711673865427414,0.11909241715865188,0.09144060932920015,0.08677121540573904,0.2
0.07080858972013299,0.11141380667686462,0.14741934525006783,0.13505831796861612,0.14782131887934627,0.07826198005575087,0.2
0.01820421127425238,0.1521589159965515,0.040390310936379015,0.08102139490964826,0.09170335144453301,0.1609032673809554,0.0
0.22550224143175382,0.10551691055297852,0.18320531438654308,0.12483566015967909,0.15448520371796473,0.09405512528516519,0.2
0.2739957207509994,0.19195902347564697,0.11576112971513397,0.2728234559763772,0.3613661159986782,0.4241988687066828,0.0
0.29566753817614605,0.581534743309021,0.7075560138683272,0.5740819481376858,0.630925815852755,0.6326573633362195,0.4
0.3035464304175907,0.3779418468475342,0.5385575157758673,0.4455131170400996,0.41057377247640203,0.5948293739604992,0.4
0.05722209495229473,0.1010216474533081,0.11265170194002916,0.14266248173579865,0.18726364722523786,0.06031180258755829,0.4
0.1243343697043267,0.10411837697029114,0.13399824874458865,0.12574659432214202,0.13133469220564245,0.06382946143595057,0.0
0.5546139161283253,0.6165689826011658,0.40221634068588097,0.5683397700813102,0.6366640248652242,0.5932836237496457,0.6
0.9893908422429999,0.9921696186065674,0.9890501188033708,0.9595863479944833,0.8219636842873895,0.9716190740054067,1.0
0.04034514442976075,0.13311481475830078,0.07861057811206529,0.12619493200930681,0.18561583424527306,0.08851122106333036,0.4
0.23333782614075974,0.3131909966468811,0.32036330138914904,0.35147483883503433,0.41205100429722996,0.22030721874155382,0.4
0.03968649859911734,0.09901532530784607,0.10175682770706929,0.08748125105774655,0.12293865660365519,0.13753372286770707,0.0
0.7738098608092672,0.8179786801338196,0.7246531498149151,0.7417589275973786,0.7052353734776554,0.7235597453219943,0.8
0.9735429869036425,0.9712677001953125,0.9578337384383977,0.9643639807377437,0.829646407545412,0.9310299716316051,1.0
0.9759239191643603,0.9711211919784546,0.9614161218596033,0.9800530581993923,0.9399187285446352,0.9276108392722053,1.0
0.6799832968480252,0.44656842947006226,0.3821858135088756,0.4130910249524365,0.4826363659953045,0.5746981547591719,0.6
0.10145284494671891,0.12442231178283691,0.09561289381812021,0.11244087160858092,0.143492423052985,0.07007825777624292,0.2
0.09667432615140893,0.10755670070648193,0.10997838524121983,0.10548546676154377,0.08163632531299457,0.08925714503735536,0.0
0.2905059530904608,0.4811261296272278,0.7800368277230325,0.6816625527107334,0.6471895075418771,0.5411757873267832,0.6
0.03631083238268371,0.09219500422477722,0.06690061233004707,0.11226725232958248,0.13837091207020513,0.04571517472647951,0.0
0.12373974225557098,0.0828833281993866,0.06661333277440706,0.08362583592072678,0.1095098086505407,0.13016984060848105,0.0
0.4574472975516532,0.07642659544944763,0.10881357887181309,0.18135039399227965,0.2574224913044926,0.38927812536306095,0.2
0.11646997733207747,0.1410650908946991,0.1231435119828691,0.09204828728226896,0.12700844262675764,0.1774904305334643,0.2
0.0921031476525684,0.16315537691116333,0.10145184019250042,0.06861053287624089,0.09060195252977915,0.14540445714598096,0.0
0.028933623255182804,0.09285283088684082,0.08495468437451448,0.06434157784954782,0.08719788074968468,0.04681682486603387,0.0
0.7560891403891704,0.965904176235199,0.9353762521470783,0.816120434551009,0.7235514573119044,0.8331368201604277,1.0
0.039402735456948064,0.13102546334266663,0.027167484496927408,0.09280356878020812,0.11950357806503585,0.11826243989062692,0.2
0.12373974225557098,0.0828833281993866,0.06661333277440706,0.08362583592072678,0.1095098086505407,0.13016984060848105,0.0
0.08387204036264598,0.15424996614456177,0.23609028728568537,0.15552366419172522,0.25598773643554035,0.3926408143243579,0.0
0.15057847664093046,0.3791313171386719,0.2080413372862796,0.3176767427982227,0.26218603766434284,0.3766484289850559,0.0
0.255786812648245,0.2708352506160736,0.13441704190401182,0.06879488392276763,0.3409373346440903,0.5454259822186951,0.0
0.06716308574555084,0.0966944694519043,0.07539183237447633,0.10467397125125984,0.12257999858338176,0.05101620167342673,0.0
0.15990246370399985,0.1052091121673584,0.10375305302868931,0.12376593240266665,0.13443580425452384,0.06701124676158317,0.2
0.24891437531662947,0.1163972020149231,0.13404983812488658,0.11815329306527422,0.1621143914702528,0.0659142614773209,0.4
0.16698896713678074,0.31323933601379395,0.16990282729651707,0.29566474125105197,0.28008633337457667,0.2845132251133044,0.2
0.06344714309090493,0.14536592364311218,0.0906241624644647,0.10920031997148785,0.08343093271288307,0.0773047949653532,0.0
0.07451990525346384,0.11841362714767456,0.06368483317440221,0.06721215332353374,0.09199880509087102,0.14657304971844878,0.0
0.700874708423972,0.5827010273933411,0.6583741670056282,0.5202042838343075,0.4982292272889639,0.4961208723314278,0.6
0.07027509210764911,0.11320033669471741,0.08429950867278191,0.0807502124087276,0.09449415759511039,0.1623911208291033,0.0
0.9421853820513836,0.920610785484314,0.9091095112625605,0.8857975305013247,0.8102728789519061,0.7463709777513842,0.8
0.6857801713148061,0.861331045627594,0.8855675858402244,0.9443846291752392,0.7866815552957248,0.7684791715184317,1.0
0.11631149592723156,0.2844198942184448,0.09927146955832955,0.3112925162544573,0.30877107223766403,0.2678430558031211,0.0
0.1643351247181525,0.05001407861709595,0.030870739656757795,0.08721350427870857,0.19726013070130982,0.06844682118702183,0.0
0.04878524211990452,0.05489477515220642,0.03079313489712754,0.06450320281893156,0.07869801691014017,0.13205286049801476,0.2
0.20484139924378356,0.2014153003692627,0.4101995017917477,0.28704304087389637,0.29643162783528326,0.2280175460582151,0.4
0.7539048453679983,0.8141777515411377,0.7654936404103204,0.6574051783291509,0.5953703315383603,0.8191148542482923,0.8
0.32966202957480184,0.5349434614181519,0.521512493456377,0.4298583894392029,0.5023568134827259,0.5898616854704071,0.6
0.09795152425939005,0.19376859068870544,0.2478727715174276,0.20890258234341566,0.21150484293121424,0.10213309252637415,0.4
0.9913942124963344,0.9597200155258179,0.9941947809788556,0.9750905606775736,0.9727835199346815,0.9340381332225922,1.0
0.026014492965042157,0.08325913548469543,0.037249760721874026,0.051918507353423266,0.05697431647881508,0.1557484051001191,0.0
0.08797812790028643,0.06360703706741333,0.0833072863457105,0.09809421294774422,0.11134914674343988,0.05151704553094012,0.0
0.11752900391339019,0.313479483127594,0.12950235359766538,0.30033186292797787,0.22476094368103106,0.32695406606019045,0.2
0.29827606022514974,0.0920092761516571,0.08296455167780381,0.10596865343701793,0.1949145891016761,0.0862783335162104,0.0
0.06234095480915494,0.02934691309928894,0.06280934307260444,0.1070251158937958,0.11903368846067104,0.058769315690676935,0.0
0.02099274697138567,0.14554229378700256,0.11268440342298713,0.12187272078586546,0.14784563728647207,0.08266755466506594,0.0
0.05966793895098413,0.055386513471603394,0.033207392039047656,0.05791791916186776,0.06630045678807321,0.13253867311207482,0.0
0.5942055000999285,0.08445179462432861,0.5061658669202738,0.5132339920709174,0.41280972081280226,0.15768459810247665,0.4
0.05966793895098413,0.055386513471603394,0.033207392039047656,0.05791791916186776,0.06630045678807321,0.13253867311207482,0.0
0.35993131612196877,0.5968069434165955,0.48009140685257645,0.3568250101215898,0.5160457343153007,0.6213349150974661,0.6
0.13385361039511517,0.05268889665603638,0.12115896394339776,0.15103930495713963,0.16452308417466646,0.07072956447329362,0.2
0.2116112726759941,0.3222021460533142,0.14235643128662856,0.38043024029510647,0.25727449960924836,0.30648893922211945,0.0
0.28989220497611273,0.36255311965942383,0.41839909561417077,0.30159900206046997,0.30060113869446237,0.4062213786386517,0.8
0.9555002090174844,0.8607125282287598,0.8784437545518329,0.954857408280263,0.8377003903733008,0.8266547982491992,1.0
0.9629388672285029,0.926755428314209,0.9183550715635626,0.9604336145566377,0.8458024144518451,0.9232447889940145,1.0
0.0967397130295551,0.14604532718658447,0.16817599019368823,0.22726246241202744,0.2282673304418446,0.10517434595671134,0.2
0.679222684399266,0.7640818953514099,0.689678761077424,0.7303258923138857,0.6975347850670541,0.7499692940461068,0.8
0.012218020880437504,0.13083723187446594,0.05030641436440941,0.093792576514139,0.06974292654567318,0.09369709483226756,0.0
0.9933936718336278,0.9836727380752563,0.9916105160966052,0.9864114620468301,0.9381126683437997,0.9584045201749588,1.0
0.9285576666282982,0.8778054118156433,0.8459227834496725,0.9204141662284846,0.7256912859999944,0.857454177574635,0.6
0.9823083257281425,0.9144202470779419,0.9371218447024237,0.939702237953968,0.7363127115768253,0.7058160857703131,0.8
0.08437222509255261,0.06310796737670898,0.035318588212532864,0.08403159374983678,0.12327702156030279,0.050669107413912166,0.0
0.07451990525346384,0.11841362714767456,0.06368483317440221,0.06721215332353374,0.09199880509087102,0.14657304971844878,0.0
0.900201513833427,0.9342198967933655,0.9286841242423155,0.9652428952536048,0.8236641085879275,0.8904000483037621,1.0
0.9239536400454941,0.82767653465271,0.8807705540470311,0.9267577939165079,0.7676281990876254,0.6593444439932751,0.8
0.9134336943807351,0.9195476770401001,0.9479732364286639,0.9325368284610854,0.8207198514211731,0.7556365714613459,1.0
0.07027509210764911,0.1126289963722229,0.0736284497349281,0.0807502124087276,0.0978555021329255,0.16181629750212306,0.0
0.04563557326623874,0.09063458442687988,0.09881117524068894,0.0757417106777054,0.08646730112843612,0.13799830414958256,0.0
0.20817267026455258,0.4398574233055115,0.2915113144092206,0.38402433191488183,0.3721654131159847,0.379109831749743,0.2
0.5898923952749476,0.32563018798828125,0.5452145158713283,0.4524098056102463,0.40875216816617466,0.19327504847573468,0.2
0.04878524211990452,0.05489477515220642,0.03079313489712754,0.06450320281893156,0.07869801691014017,0.13205286049801476,0.2
0.25149751647791924,0.05346551537513733,0.12451221239025156,0.08996740345382985,0.15583436663698813,0.09164571688084702,0.2
0.9347022989287433,0.9105762243270874,0.9755120200726862,0.8951033872628256,0.8466044495449513,0.8405419542463416,1.0
0.04570459115704276,0.08607083559036255,0.031982084754122675,0.06000034062045791,0.07886639168196125,0.14852958053011556,0.0
0.09785558859185038,0.10930711030960083,0.1272686799830567,0.1320857316075862,0.15152907326545417,0.10242772682403999,0.2
0.98952337916237,0.8789064884185791,0.9778460124275549,0.9392214686120016,0.8539087568673629,0.770326373232006,1.0
0.5836459477591066,0.5742394328117371,0.6109655560622511,0.5014575084410086,0.5635849383218067,0.5382060276183108,0.4
0.05226904964156064,0.1570338010787964,0.09464093694964859,0.15432644802900294,0.1304578544126114,0.0874308649310301,0.0
0.16012811154623957,0.2898699641227722,0.17859893393051007,0.3478134295098081,0.2579925784399296,0.1421979364543771,0.4
0.10437187437264032,0.36012527346611023,0.26978214858432403,0.3530915713229838,0.3348435912381275,0.40333507776997146,0.6
0.07451990525346384,0.11841362714767456,0.06368483317440221,0.06721215332353374,0.09199880509087102,0.14657304971844878,0.0
0.18191891760494755,0.09868243336677551,0.11297738621247588,0.23784683201501772,0.24706051458513786,0.13736927140592947,0.4
0.48513092862468626,0.5701054930686951,0.529908185248944,0.5131299004378187,0.5063626837447964,0.37837412091299333,0.6
0.7986645306561769,0.3575494587421417,0.8573160509001765,0.4009283740856381,0.5106590552963309,0.36192637519332677,0.8
0.9950365403294873,0.9669681787490845,0.979702819589633,0.9654810406665166,0.8568032284382685,0.8383667779432945,1.0
0.06711908796489874,0.00018280744552612305,0.046426428705945044,0.1133575361895641,0.1020524603965464,0.007716515004457756,0.0
0.679222684399266,0.7640818953514099,0.689678761077424,0.7303258923138857,0.6975347850670541,0.7499692940461068,0.8
0.5480943407558355,0.5585277080535889,0.5623484156080611,0.4624676163570261,0.5129995391284089,0.6133039158833121,0.6
0.26635105211521964,0.13303157687187195,0.35042686184262783,0.30363317104069115,0.3145578984382948,0.40026233074745815,0.2
0.9184816523444427,0.859726071357727,0.8951680899603119,0.8569637748546179,0.7876491888273286,0.6834429820718108,0.8
0.36265608528850846,0.29777997732162476,0.47335340747033006,0.4650883840696178,0.3620126616676116,0.2633878662800745,0.4
0.6045124994226425,0.30591732263565063,0.4755100046436188,0.30340442455274896,0.33763135377686754,0.3291160745092031,0.2
0.9908666646578433,0.9835243821144104,0.9798714641154881,0.9687344871132184,0.799318452640736,0.945925409809056,1.0
0.09740625904038476,0.14399540424346924,0.12580536004602427,0.13193223224593353,0.13573853634273034,0.0820279532311846,0.0
0.1173940138822414,0.1568877398967743,0.09268237135969204,0.0893304164742585,0.18111841832640987,0.0580785861072925,0.0
0.05966793895098413,0.055386513471603394,0.033207392039047656,0.05791791916186776,0.06630045678807321,0.13253867311207482,0.0
0.8449653360571969,0.850628137588501,0.9443264787451401,0.9460359316970309,0.8510781141175806,0.7022895700841286,1.0
0.0719695725344553,0.12838995456695557,0.06435738448888162,0.10385265093143399,0.08102637736477776,0.09480129506406165,0.2
0.35752406121487784,0.20409059524536133,0.5051155547475321,0.5452152928746314,0.4141711633453077,0.10216455886956902,0.6
0.9831459575769674,0.9677426815032959,0.978349228463277,0.9736059626919012,0.9084243994494775,0.9307857328073513,1.0
0.7040124327932729,0.9169225692749023,0.5897575539068329,0.7723473469241928,0.6904621481310054,0.8143660328240396,0.6
0.07027509210764911,0.11320033669471741,0.08429950867278191,0.0807502124087276,0.09449415759511039,0.1623911208291033,0.0
0.20012931870940745,0.4461577832698822,0.396162251544664,0.1725235171784128,0.3946005279114903,0.36166484858741016,0.2
0.07907785496049757,0.14568215608596802,0.09429359768405832,0.11922722601197235,0.11290835970735133,0.07823249130812168,0.0
0.2664947135795839,0.1038045585155487,0.09008610819435026,0.07038160831279365,0.19265863736711825,0.17207465218830606,0.0
0.21137781188114138,0.12598168849945068,0.11617877905563678,0.10267657937177799,0.08370564057301935,0.09591713107239717,0.0
0.26010929823362966,0.4545692801475525,0.319382623969119,0.13405864796588118,0.455499768378075,0.5571346959846809,0.0
0.19825403750829723,0.1394909918308258,0.14255878277474643,0.13315057464363658,0.15044871006801494,0.12045627640453911,0.2
0.05891733650320835,0.007687598466873169,0.14402191483749804,0.15475296639919003,0.186396511548911,0.10739275369402748,0.0
0.21137781188114138,0.12598168849945068,0.11617877905563678,0.10267657937177799,0.08370564057301935,0.09591713107239717,0.0
0.9909954894057323,0.958768367767334,0.9630502460981396,0.9573665765449274,0.8031895021681418,0.8310905840730887,1.0
0.679222684399266,0.7640818953514099,0.689678761077424,0.7303258923138857,0.6975347850670541,0.7499692940461068,0.8
0.7868810307430693,0.35814225673675537,0.6989244766225322,0.8750450739943314,0.6978696379489332,0.5414350964507869,0.6
0.09381862600509866,0.008879154920578003,0.03250941984054101,0.10242439126814223,0.09514606786235086,0.007543424531866313,0.0
0.1857986741070472,0.12029904127120972,0.11226546113963976,0.15080053761177545,0.1635141136706101,0.06864298080819843,0.0
0.9239556389822642,0.876196026802063,0.8585814842837289,0.8858642848789634,0.665390359853702,0.7680724278549376,0.8
0.0671491955385325,0.2021256387233734,0.0386387310526376,0.24126475821407836,0.20274689889040207,0.3421845431402929,0.2
0.057182089900557224,0.06994754076004028,0.02110231866169654,0.07234030923093772,0.1511218832590027,0.04877719104720587,0.0
0.0446977949570934,0.10619550943374634,0.05135637132361981,0.08056109888632963,0.08276241823550019,0.12991675195706762,0.2
0.2761248669885592,0.28884243965148926,0.16208716954586344,0.14199223615015358,0.26809290900999855,0.5723064718079267,0.0
0.2658965145328297,0.13450050354003906,0.11295109286138105,0.0992118337719165,0.09446386527546478,0.09509024059642254,0.0
0.7014922169800935,0.7304772734642029,0.6983975274494871,0.7227996614799916,0.68081180532689,0.7273105316131154,1.0
0.4148240747748213,0.3818691372871399,0.4503706924657056,0.3706781045564632,0.4604778887133464,0.4326130876530621,0.8
0.9142878163017063,0.9901756644248962,0.9283329658021251,0.9562234226257479,0.8860880299546586,0.9580011680643192,1.0
0.2572800898194066,0.15905800461769104,0.29868694344796276,0.23877083751678121,0.25908299559166315,0.2920331660742349,0.2
0.9909602736740265,0.992048442363739,0.9860832797453856,0.9952766837301747,0.9313873162944517,0.954316633951373,1.0
0.10695407448712244,0.14933544397354126,0.2750009225465886,0.19876526429420696,0.20868005231863865,0.08920937701555076,0.4
0.263085479311957,0.1365107297897339,0.27403691954259723,0.13511107735982844,0.17651768524953934,0.0854802661588404,0.4
0.9955803610085633,0.9858025312423706,0.9840882273267768,0.9976259449400351,0.9773622020351567,0.9334289504024407,1.0
0.2658965145328297,0.13450050354003906,0.11295109286138105,0.0992118337719165,0.09446386527546478,0.09509024059642254,0.0
0.07920359180278018,0.08777570724487305,0.15394084175523348,0.16732647797877342,0.1719365396243638,0.06363805915141443,0.2
0.10478901249475145,0.11054861545562744,0.11874037385464242,0.11786874359027553,0.13054081256714264,0.13726678200449047,0.0
0.47064869990288294,0.5189402103424072,0.4019245240685959,0.459967133522656,0.5157634053032535,0.6378548329308343,0.2
0.07682236067651087,0.10198268294334412,0.10158023724384191,0.06865649278940036,0.09653892249663645,0.14496335930330237,0.0
0.0446977949570934,0.10619550943374634,0.05135637132361981,0.08056109888632963,0.08276241823550019,0.12991675195706762,0.2
0.6392128789223663,0.4657500684261322,0.4110282071330904,0.4305185854369861,0.46205062190489193,0.37119944197073507,0.6
0.10294913429303557,0.1367999017238617,0.1473204571186948,0.13157248935271557,0.14730710154552354,0.08418152179666441,0.0
0.18920759400909065,0.13954392075538635,0.14087532158488636,0.1378018760614709,0.15375324771564433,0.0818748587769739,0.2
0.16768256191272374,0.3440523147583008,0.21666730214952057,0.42122781940492066,0.4522705450200658,0.471311234163646,0.4
0.8577974881921789,0.8358083963394165,0.7838623402205165,0.8462686493205196,0.7961342475220504,0.7654133668316555,0.8
0.32255926878024666,0.6079941987991333,0.3045071357991256,0.47037690788515396,0.5294185965187435,0.6915304474145276,0.6
0.5576367233988253,0.723564863204956,0.792385940706112,0.6852809525225131,0.634636551566426,0.7720337491578827,0.4
0.6713988034900716,0.7248352766036987,0.7584158151183258,0.7578777027066498,0.6713281484226351,0.743423332836526,0.8
0.7014922169800935,0.7304772734642029,0.6983975274494871,0.7227996614799916,0.68081180532689,0.7273105316131154,1.0
0.6526563351844308,0.7483707666397095,0.8933407296491689,0.8142584290494506,0.6904227388410691,0.5414714655701498,1.0
0.07682236067651087,0.10198268294334412,0.10158023724384191,0.06865649278940036,0.09653892249663645,0.14496335930330237,0.0
0.11020593452908815,0.12923473119735718,0.11403842778696849,0.06729627565205476,0.11050708770921029,0.09308461320456524,0.0
0.1213486139811742,0.1339307725429535,0.09734967043855969,0.10675787701082746,0.09965542899959902,0.09800854123175849,0.2
0.9541119849024718,0.9865423440933228,0.9706180501905664,0.986044180122671,0.9074363141647267,0.9451411642959427,1.0
0.16006280346544288,0.1456407606601715,0.20689941457439132,0.19684580300657925,0.19415932904646901,0.08652794614888133,0.2
0.05000989243328025,0.09799888730049133,0.061285960972121356,0.08052976712421618,0.10884225901112929,0.10581040754095691,0.0
0.07659831121092754,0.08538639545440674,0.08306918557126242,0.03574914331863387,0.11518298071920972,0.10805668855050582,0.0
0.27036433629251333,0.35578596591949463,0.5387914527345947,0.5614707570171118,0.5165513391445024,0.3373551645807918,0.6
0.07960940165733318,0.09607911109924316,0.10892502203356935,0.06667210250927992,0.1563238684191514,0.09749306258877205,0.0
0.7014922169800935,0.7304772734642029,0.6983975274494871,0.7227996614799916,0.68081180532689,0.7273105316131154,1.0
0.03825742627237532,0.10887974500656128,0.059812182511947753,0.0774629796039349,0.0987125404531272,0.13283982166989844,0.0
0.14946928498412182,0.1099763810634613,0.05225353898384322,0.06671927704119793,0.1060857424082731,0.1227139975428773,0.0
0.3089148721561282,0.5872361660003662,0.16097426120883418,0.5268079288870686,0.5979292983551193,0.5861276649333417,0.6
0.17693198166295393,0.30913805961608887,0.2892639459081189,0.21674887822674094,0.3763314302617218,0.42827675282886146,0.2
0.154440515810111,0.26002252101898193,0.3259144957021364,0.32882921694126066,0.36959232822345495,0.31188932009453224,0.4
0.2959693408886833,0.5786339044570923,0.6071243808986861,0.5038214850371269,0.5005934262400347,0.6919558476683759,0.4
0.7983805428732449,0.6482659578323364,0.7878520316486508,0.4812718337570647,0.574407432868898,0.6200426634475514,0.8
0.9752512691117424,0.9834988713264465,0.9834215188715454,0.9927089175230077,0.8881559775005655,0.8990104099220992,1.0
0.0708011259029092,0.08523637056350708,0.09166506047150602,0.027216463580071782,0.11304267657890557,0.10487398107199676,0.0
0.3713725834368079,0.15166151523590088,0.30656751554651585,0.23998342141947662,0.21957279841046978,0.09865394851101421,0.2
0.8100067197186016,0.4622645378112793,0.8626516784156123,0.615250528880884,0.6236147277212205,0.4931162982108637,0.4
0.6554656870928248,0.6057295203208923,0.7158839822660512,0.4840608225134039,0.572577775230902,0.734535037239153,0.2
0.06043174935621785,0.1367354393005371,0.10236096346147872,0.15421722569785687,0.15180045076565865,0.08014109754043829,0.0
0.8316400963905649,0.5223072171211243,0.8106633169046332,0.7219704608860098,0.5918443198644142,0.2929817061720126,1.0
0.813934849221038,0.6358582973480225,0.805302404169516,0.8168915105374444,0.7266129468322757,0.418427398243111,1.0
0.16602384166241302,0.13478612899780273,0.10302131413755122,0.10611133110897324,0.11731340767886386,0.0936604406049707,0.2
0.6907628486626639,0.4752480089664459,0.737650548204134,0.4231213302001309,0.5462593458116933,0.6833932705237269,0.2
0.10419086731231454,0.17376714944839478,0.09268737497574442,0.12240481370599865,0.2561896275781712,0.19370789771763902,0.0
0.18388044438535608,0.12211337685585022,0.07999487283319195,0.11247324735240186,0.11858973112889026,0.06779577997989047,0.0
0.9976881471369231,0.9706581234931946,0.9805565029807204,0.9965277777777777,0.894182117842987,0.8788859150852786,1.0
0.2692409277096452,0.5133201479911804,0.2941952289474782,0.3545520447601555,0.35569036359074685,0.6323825562962435,0.4
0.9905072224836587,0.9930583238601685,0.9718661004686935,0.9809606664141574,0.8999504730535005,0.9666741137907042,1.0
0.9403028442015052,0.8362902402877808,0.9163951787034773,0.8629530224992149,0.785115167900089,0.7784259862170106,0.8
0.3188581231231092,0.35561859607696533,0.38264195188993355,0.3388727063036356,0.3544118454954461,0.3399622489008729,0.2
0.05618084050367923,0.10801264643669128,0.07666970287551556,0.08494136175846499,0.0996228309433831,0.13027431086229682,0.0
0.16205826928568987,0.10635653138160706,0.15368447683153774,0.06540064541963768,0.15690523030342646,0.1577633248210163,0.0
0.9942712026475152,0.9864132404327393,0.9899401885126924,0.9855322753607662,0.9430559556550469,0.9373162360678065,1.0
0.15680554454017112,0.10681268572807312,0.07709856307510032,0.056617826996986906,0.17696800466208154,0.1328817324649738,0.0
0.039435389414219375,0.10070320963859558,0.022688312548468814,0.053595144435176406,0.15863331265799896,0.07776731995551207,0.0
0.48460706093690775,0.4791184663772583,0.6735808672648214,0.45997726384322296,0.4876064853216902,0.5789958786040809,0.6
0.8798317419849608,0.7780336141586304,0.867072174032611,0.8389957992440692,0.7360368119733269,0.6767669261606198,0.8
0.9742376826276725,0.7788512110710144,0.9002411411774373,0.9115609749162407,0.7849550251938014,0.6818349637100524,0.8
0.16560243281171305,0.10623204708099365,0.1788724462830582,0.08506834901055617,0.1457117777580639,0.14073934789369105,0.2
0.7406724141062309,0.5756192803382874,0.7432037949781554,0.5363687764477237,0.6750564976292655,0.7564879934524105,0.6
0.263085479311957,0.1343863606452942,0.21532184124631992,0.12475587231985959,0.17417568826614518,0.08523360312101336,0.4
0.935065513717966,0.6538470983505249,0.8965133996080121,0.8885060342789554,0.7552382746115116,0.6527929468259572,1.0
0.04122465930327568,0.11117345094680786,0.03690115848087905,0.10763984697050967,0.1149897934170555,0.21607415598166227,0.0
0.05900014833869414,0.1004757285118103,0.08683408977740559,0.07804159016006666,0.10806652414214526,0.10901806990059792,0.0
0.988597974488619,0.8707324862480164,0.9844059648666117,0.8736880836745988,0.7845319733751839,0.8190142627734365,0.6
0.7014922169800935,0.7304772734642029,0.6983975274494871,0.7227996614799916,0.68081180532689,0.7273105316131154,1.0
0.6677592397897617,0.36507606506347656,0.5538200528403747,0.3169199640217798,0.38154830939581635,0.3762708679060093,0.2
0.990610215333406,0.9505242705345154,0.9771081681200096,0.8324975241642502,0.8323352541533435,0.9188151887753429,0.8
0.9949714167975979,0.9807972311973572,0.9798292305013558,0.9901576361111271,0.9201874515700981,0.8822203108073994,1.0
0.4346172678086995,0.3947198688983917,0.5742026099195827,0.3426042309791174,0.3683902113125875,0.5417198139746634,0.2
0.07682236067651087,0.10198268294334412,0.10158023724384191,0.06865649278940036,0.09653892249663645,0.14496335930330237,0.0
0.5845711178177097,0.47421857714653015,0.507343856087663,0.42575008354477,0.48304219187200237,0.5991519314869181,0.2
0.00785108779649706,0.07477477192878723,0.03996162649630308,0.08061345782113685,0.15994456958759823,0.062012532901927896,0.0
